<?xml version="1.0" encoding="UTF-8"?>
<project-private xmlns="http://www.netbeans.org/ns/project-private/1">
    <editor-bookmarks xmlns="http://www.netbeans.org/ns/editor-bookmarks/2" lastBookmarkId="0"/>
    <open-files xmlns="http://www.netbeans.org/ns/projectui-open-files/2">
        <group>
            <file>file:/C:/Users/Windows%2010/OneDrive/Documentos/Estudos/FEI/6°%20Semestre/CC6252%20-%20Compiladores/Projeto/Código/Projeto_Compiladores/src/projeto_compiladores/MathOperator.java</file>
            <file>file:/C:/Users/Windows%2010/OneDrive/Documentos/Estudos/FEI/6°%20Semestre/CC6252%20-%20Compiladores/Projeto/Código/Projeto_Compiladores/src/projeto_compiladores/Token.java</file>
            <file>file:/C:/Users/Windows%2010/OneDrive/Documentos/Estudos/FEI/6°%20Semestre/CC6252%20-%20Compiladores/Projeto/Código/Projeto_Compiladores/src/projeto_compiladores/Parser.java</file>
            <file>file:/C:/Users/Windows%2010/OneDrive/Documentos/Estudos/FEI/6°%20Semestre/CC6252%20-%20Compiladores/Projeto/Código/Projeto_Compiladores/src/projeto_compiladores/texto.java</file>
            <file>file:/C:/Users/Windows%2010/OneDrive/Documentos/Estudos/FEI/6°%20Semestre/CC6252%20-%20Compiladores/Projeto/Código/Projeto_Compiladores/src/projeto_compiladores/Lexer.java</file>
            <file>file:/C:/Users/Windows%2010/OneDrive/Documentos/Estudos/FEI/6°%20Semestre/CC6252%20-%20Compiladores/Projeto/Código/Projeto_Compiladores/src/projeto_compiladores/num_inteiro.java</file>
            <file>file:/C:/Users/Windows%2010/OneDrive/Documentos/Estudos/FEI/6°%20Semestre/CC6252%20-%20Compiladores/Projeto/Código/Projeto_Compiladores/src/projeto_compiladores/id.java</file>
            <file>file:/C:/Users/Windows%2010/OneDrive/Documentos/Estudos/FEI/6°%20Semestre/CC6252%20-%20Compiladores/Projeto/Código/Projeto_Compiladores/src/projeto_compiladores/OperacaoDelimitadores.java</file>
            <file>file:/C:/Users/Windows%2010/OneDrive/Documentos/Estudos/FEI/6°%20Semestre/CC6252%20-%20Compiladores/Projeto/Código/Projeto_Compiladores/src/projeto_compiladores/input_codigo.txt</file>
            <file>file:/C:/Users/Windows%2010/OneDrive/Documentos/Estudos/FEI/6°%20Semestre/CC6252%20-%20Compiladores/Projeto/Código/Projeto_Compiladores/src/projeto_compiladores/reservado.java</file>
            <file>file:/C:/Users/Windows%2010/OneDrive/Documentos/Estudos/FEI/6°%20Semestre/CC6252%20-%20Compiladores/Projeto/Código/Projeto_Compiladores/src/projeto_compiladores/Projeto_Compiladores.java</file>
            <file>file:/C:/Users/Windows%2010/OneDrive/Documentos/Estudos/FEI/6°%20Semestre/CC6252%20-%20Compiladores/Projeto/Código/Projeto_Compiladores/src/projeto_compiladores/AFD.java</file>
            <file>file:/C:/Users/Windows%2010/OneDrive/Documentos/Estudos/FEI/6°%20Semestre/CC6252%20-%20Compiladores/Projeto/Código/Projeto_Compiladores/src/projeto_compiladores/Decimal.java</file>
        </group>
    </open-files>
</project-private>
